cluster_id,node_id,node_type
CLU00001,USR54295,USER
CLU00001,USR39723,USER
CLU00001,USR59452,USER
CLU00001,USR51724,USER
CLU00001,USR43767,USER
CLU00001,USR93305,USER
CLU00001,USR40241,USER
CLU00001,USR11145,USER
CLU00001,USR23392,USER
CLU00001,USR12293,USER
CLU00001,USR72471,USER
CLU00001,USR64199,USER
CLU00001,USR89746,USER
CLU00001,USR78529,USER
CLU00001,USR56391,USER
CLU00001,USR57682,USER
CLU00001,USR18769,USER
CLU00001,USR56014,USER
CLU00001,USR52183,USER
CLU00001,USR31711,USER
CLU00001,USR49896,USER
CLU00001,USR23343,USER
CLU00001,USR54671,USER
CLU00001,USR93098,USER
CLU00001,USR67324,USER
CLU00001,USR83071,USER
CLU00001,MCH8057,MERCHANT
CLU00001,MCH6656,MERCHANT
CLU00001,MCH4005,MERCHANT
CLU00001,MCH4598,MERCHANT
CLU00001,MCH5757,MERCHANT
CLU00001,MCH2461,MERCHANT
CLU00001,MCH4233,MERCHANT
CLU00001,MCH2860,MERCHANT
CLU00002,USR63213,USER
CLU00002,USR77852,USER
CLU00002,USR93535,USER
CLU00002,USR53783,USER
CLU00002,USR37019,USER
CLU00002,USR54556,USER
CLU00002,USR59734,USER
CLU00002,USR43897,USER
CLU00002,USR55146,USER
CLU00002,USR70689,USER
CLU00002,USR28459,USER
CLU00002,USR27277,USER
CLU00002,USR67654,USER
CLU00002,USR85233,USER
CLU00002,USR12214,USER
CLU00002,USR57581,USER
CLU00002,USR69151,USER
CLU00002,USR84838,USER
CLU00002,USR88387,USER
CLU00002,USR91526,USER
CLU00002,USR43853,USER
CLU00002,USR54593,USER
CLU00002,USR70030,USER
CLU00002,MCH6948,MERCHANT
CLU00002,MCH4692,MERCHANT
CLU00002,MCH7490,MERCHANT
CLU00002,MCH1585,MERCHANT
CLU00002,MCH4239,MERCHANT
CLU00002,MCH9341,MERCHANT
CLU00002,MCH8833,MERCHANT
CLU00002,MCH3454,MERCHANT
CLU00002,MCH2440,MERCHANT
CLU00003,USR34488,USER
CLU00003,USR74131,USER
CLU00003,USR29609,USER
CLU00003,USR29029,USER
CLU00003,USR30648,USER
CLU00003,USR33412,USER
CLU00003,USR25953,USER
CLU00003,USR16629,USER
CLU00003,USR99333,USER
CLU00003,USR60913,USER
CLU00003,USR84100,USER
CLU00003,USR43343,USER
CLU00003,USR56801,USER
CLU00003,USR66251,USER
CLU00003,MCH6189,MERCHANT
CLU00003,MCH5175,MERCHANT
CLU00003,MCH1011,MERCHANT
CLU00003,MCH6015,MERCHANT
CLU00003,MCH7753,MERCHANT
CLU00003,MCH5294,MERCHANT
CLU00003,MCH8075,MERCHANT
CLU00004,USR29331,USER
CLU00004,USR62341,USER
CLU00004,USR21809,USER
CLU00004,USR93914,USER
CLU00004,USR79924,USER
CLU00004,USR28861,USER
CLU00004,USR37355,USER
CLU00004,USR56732,USER
CLU00004,USR33426,USER
CLU00004,USR58977,USER
CLU00004,USR56840,USER
CLU00004,USR91117,USER
CLU00004,USR19411,USER
CLU00004,USR38814,USER
CLU00004,MCH3368,MERCHANT
CLU00004,MCH5276,MERCHANT
CLU00004,MCH7438,MERCHANT
CLU00004,MCH6952,MERCHANT
CLU00004,MCH7990,MERCHANT
CLU00004,MCH9043,MERCHANT
CLU00005,USR54265,USER
CLU00005,USR86779,USER
CLU00005,USR87462,USER
CLU00005,USR74033,USER
CLU00005,USR30092,USER
CLU00005,USR25765,USER
CLU00005,USR88569,USER
CLU00005,USR25951,USER
CLU00005,USR80544,USER
CLU00005,USR53850,USER
CLU00005,USR91598,USER
CLU00005,USR91270,USER
CLU00005,USR83605,USER
CLU00005,USR35665,USER
CLU00005,MCH4567,MERCHANT
CLU00005,MCH2301,MERCHANT
CLU00005,MCH5901,MERCHANT
CLU00005,MCH8600,MERCHANT
CLU00005,MCH5225,MERCHANT
CLU00006,USR39454,USER
CLU00006,USR64841,USER
CLU00006,USR72282,USER
CLU00006,USR34582,USER
CLU00006,USR10923,USER
CLU00006,USR74947,USER
CLU00006,USR12686,USER
CLU00006,USR17694,USER
CLU00006,USR33626,USER
CLU00006,USR58627,USER
CLU00006,MCH4071,MERCHANT
CLU00006,MCH1419,MERCHANT
CLU00006,MCH9944,MERCHANT
CLU00006,MCH5195,MERCHANT
CLU00006,MCH8540,MERCHANT
CLU00007,USR58226,USER
CLU00007,USR28596,USER
CLU00007,USR71300,USER
CLU00007,USR32962,USER
CLU00007,USR25105,USER
CLU00007,USR88819,USER
CLU00007,USR87117,USER
CLU00007,USR31527,USER
CLU00007,USR69126,USER
CLU00007,USR33357,USER
CLU00007,USR18523,USER
CLU00007,MCH5769,MERCHANT
CLU00007,MCH5405,MERCHANT
CLU00007,MCH5935,MERCHANT
CLU00007,MCH1336,MERCHANT
CLU00008,USR45690,USER
CLU00008,USR60666,USER
CLU00008,USR12043,USER
CLU00008,USR76301,USER
CLU00008,USR22260,USER
CLU00008,USR27447,USER
CLU00008,USR97614,USER
CLU00008,USR60430,USER
CLU00008,USR30377,USER
CLU00008,MCH2989,MERCHANT
CLU00008,MCH6744,MERCHANT
CLU00008,MCH7272,MERCHANT
CLU00008,MCH4548,MERCHANT
CLU00009,USR85460,USER
CLU00009,USR58920,USER
CLU00009,USR81642,USER
CLU00009,USR34340,USER
CLU00009,USR38048,USER
CLU00009,USR35725,USER
CLU00009,USR34667,USER
CLU00009,USR40894,USER
CLU00009,USR59309,USER
CLU00009,MCH1096,MERCHANT
CLU00009,MCH5461,MERCHANT
CLU00009,MCH1108,MERCHANT
CLU00010,USR49929,USER
CLU00010,USR19781,USER
CLU00010,USR67337,USER
CLU00010,USR13875,USER
CLU00010,USR79258,USER
CLU00010,USR48448,USER
CLU00010,USR97008,USER
CLU00010,USR54146,USER
CLU00010,MCH9219,MERCHANT
CLU00010,MCH6858,MERCHANT
CLU00010,MCH7800,MERCHANT
CLU00011,USR77102,USER
CLU00011,USR51358,USER
CLU00011,USR94279,USER
CLU00011,USR59422,USER
CLU00011,USR26808,USER
CLU00011,USR25423,USER
CLU00011,USR96561,USER
CLU00011,USR87265,USER
CLU00011,USR56128,USER
CLU00011,MCH4458,MERCHANT
CLU00011,MCH4435,MERCHANT
CLU00012,USR66093,USER
CLU00012,USR16198,USER
CLU00012,USR54134,USER
CLU00012,USR32626,USER
CLU00012,USR39677,USER
CLU00012,USR49201,USER
CLU00012,USR99647,USER
CLU00012,USR80852,USER
CLU00012,MCH9535,MERCHANT
CLU00012,MCH9763,MERCHANT
CLU00013,USR29314,USER
CLU00013,USR37810,USER
CLU00013,USR20191,USER
CLU00013,USR92027,USER
CLU00013,USR57602,USER
CLU00013,USR62336,USER
CLU00013,USR17377,USER
CLU00013,MCH6194,MERCHANT
CLU00013,MCH8936,MERCHANT
CLU00013,MCH3861,MERCHANT
CLU00014,USR48114,USER
CLU00014,USR43944,USER
CLU00014,USR21719,USER
CLU00014,USR24113,USER
CLU00014,USR86489,USER
CLU00014,USR18678,USER
CLU00014,USR51032,USER
CLU00014,MCH1625,MERCHANT
CLU00014,MCH4861,MERCHANT
CLU00014,MCH3883,MERCHANT
CLU00015,USR94122,USER
CLU00015,USR82916,USER
CLU00015,USR42244,USER
CLU00015,USR89209,USER
CLU00015,USR26802,USER
CLU00015,USR45882,USER
CLU00015,USR29307,USER
CLU00015,MCH1194,MERCHANT
CLU00015,MCH2149,MERCHANT
CLU00015,MCH4823,MERCHANT
CLU00016,USR50499,USER
CLU00016,USR72967,USER
CLU00016,USR31176,USER
CLU00016,USR46105,USER
CLU00016,USR11709,USER
CLU00016,USR27358,USER
CLU00016,MCH4468,MERCHANT
CLU00016,MCH9981,MERCHANT
CLU00016,MCH5073,MERCHANT
CLU00017,USR80226,USER
CLU00017,USR85850,USER
CLU00017,USR84923,USER
CLU00017,USR33485,USER
CLU00017,USR17179,USER
CLU00017,USR89128,USER
CLU00017,USR39732,USER
CLU00017,MCH8146,MERCHANT
CLU00017,MCH1302,MERCHANT
CLU00018,USR77471,USER
CLU00018,USR81492,USER
CLU00018,USR27616,USER
CLU00018,USR98403,USER
CLU00018,USR28543,USER
CLU00018,MCH6376,MERCHANT
CLU00018,MCH6481,MERCHANT
CLU00018,MCH8048,MERCHANT
CLU00018,MCH4871,MERCHANT
CLU00019,USR78762,USER
CLU00019,USR82829,USER
CLU00019,USR47092,USER
CLU00019,USR80317,USER
CLU00019,USR88056,USER
CLU00019,USR46058,USER
CLU00019,USR73126,USER
CLU00019,MCH2681,MERCHANT
CLU00019,MCH3226,MERCHANT
CLU00020,USR46934,USER
CLU00020,USR69143,USER
CLU00020,USR14434,USER
CLU00020,USR81279,USER
CLU00020,USR35035,USER
CLU00020,USR80550,USER
CLU00020,MCH5447,MERCHANT
CLU00020,MCH9263,MERCHANT
CLU00021,USR48089,USER
CLU00021,USR54221,USER
CLU00021,USR18716,USER
CLU00021,USR69525,USER
CLU00021,USR33647,USER
CLU00021,MCH5134,MERCHANT
CLU00021,MCH9506,MERCHANT
CLU00021,MCH5128,MERCHANT
CLU00022,USR92919,USER
CLU00022,USR22312,USER
CLU00022,USR96506,USER
CLU00022,USR29572,USER
CLU00022,USR35221,USER
CLU00022,USR31840,USER
CLU00022,USR33979,USER
CLU00022,MCH1971,MERCHANT
CLU00023,USR41056,USER
CLU00023,USR69802,USER
CLU00023,USR28520,USER
CLU00023,USR91419,USER
CLU00023,USR87663,USER
CLU00023,MCH5506,MERCHANT
CLU00023,MCH9314,MERCHANT
CLU00023,MCH3546,MERCHANT
CLU00024,USR50088,USER
CLU00024,USR51171,USER
CLU00024,USR81460,USER
CLU00024,USR60002,USER
CLU00024,USR30438,USER
CLU00024,MCH6365,MERCHANT
CLU00024,MCH3232,MERCHANT
CLU00024,MCH8937,MERCHANT
CLU00025,USR38915,USER
CLU00025,USR82247,USER
CLU00025,USR46746,USER
CLU00025,USR32936,USER
CLU00025,USR53634,USER
CLU00025,USR96933,USER
CLU00025,MCH4123,MERCHANT
CLU00025,MCH3163,MERCHANT
CLU00026,USR46748,USER
CLU00026,USR62985,USER
CLU00026,USR43566,USER
CLU00026,USR76678,USER
CLU00026,USR33761,USER
CLU00026,USR87510,USER
CLU00026,MCH6910,MERCHANT
CLU00026,MCH6765,MERCHANT
CLU00027,USR93851,USER
CLU00027,USR47360,USER
CLU00027,USR27942,USER
CLU00027,USR76948,USER
CLU00027,USR11035,USER
CLU00027,USR90418,USER
CLU00027,MCH7607,MERCHANT
CLU00028,USR30428,USER
CLU00028,USR91537,USER
CLU00028,USR13957,USER
CLU00028,USR25901,USER
CLU00028,USR53244,USER
CLU00028,USR58973,USER
CLU00028,MCH5761,MERCHANT
CLU00029,USR25449,USER
CLU00029,USR14678,USER
CLU00029,USR18758,USER
CLU00029,USR99468,USER
CLU00029,USR41847,USER
CLU00029,USR31831,USER
CLU00029,MCH9670,MERCHANT
CLU00030,USR68784,USER
CLU00030,USR17132,USER
CLU00030,USR37228,USER
CLU00030,USR68115,USER
CLU00030,USR99170,USER
CLU00030,USR74237,USER
CLU00030,MCH7304,MERCHANT
CLU00031,USR73685,USER
CLU00031,USR98804,USER
CLU00031,USR96080,USER
CLU00031,USR21561,USER
CLU00031,USR23478,USER
CLU00031,USR18509,USER
CLU00031,MCH5183,MERCHANT
CLU00032,USR75697,USER
CLU00032,USR30072,USER
CLU00032,USR83331,USER
CLU00032,USR18645,USER
CLU00032,USR65213,USER
CLU00032,MCH7392,MERCHANT
CLU00032,MCH4859,MERCHANT
CLU00033,USR76277,USER
CLU00033,USR28129,USER
CLU00033,USR85963,USER
CLU00033,USR75168,USER
CLU00033,MCH1556,MERCHANT
CLU00033,MCH2146,MERCHANT
CLU00033,MCH4515,MERCHANT
CLU00034,USR99537,USER
CLU00034,USR83861,USER
CLU00034,USR30317,USER
CLU00034,USR54642,USER
CLU00034,USR37372,USER
CLU00034,USR79947,USER
CLU00034,MCH8669,MERCHANT
CLU00035,USR72446,USER
CLU00035,USR35971,USER
CLU00035,USR75875,USER
CLU00035,USR32172,USER
CLU00035,USR37115,USER
CLU00035,USR99506,USER
CLU00035,MCH8846,MERCHANT
CLU00036,USR34532,USER
CLU00036,USR69826,USER
CLU00036,USR76483,USER
CLU00036,USR43482,USER
CLU00036,USR48182,USER
CLU00036,MCH9147,MERCHANT
CLU00036,MCH3885,MERCHANT
CLU00037,USR45154,USER
CLU00037,USR89489,USER
CLU00037,USR64046,USER
CLU00037,USR58796,USER
CLU00037,USR89486,USER
CLU00037,USR54693,USER
CLU00037,MCH7549,MERCHANT
CLU00038,USR52102,USER
CLU00038,USR56876,USER
CLU00038,USR92928,USER
CLU00038,USR87367,USER
CLU00038,USR98934,USER
CLU00038,USR74563,USER
CLU00038,MCH4434,MERCHANT
CLU00039,USR68978,USER
CLU00039,USR82933,USER
CLU00039,USR80974,USER
CLU00039,USR52464,USER
CLU00039,USR72072,USER
CLU00039,MCH4316,MERCHANT
CLU00039,MCH3068,MERCHANT
CLU00040,USR61546,USER
CLU00040,USR77021,USER
CLU00040,USR10094,USER
CLU00040,USR89084,USER
CLU00040,USR49870,USER
CLU00040,MCH1173,MERCHANT
CLU00041,USR67301,USER
CLU00041,USR31098,USER
CLU00041,USR60486,USER
CLU00041,USR10156,USER
CLU00041,USR62007,USER
CLU00041,MCH1421,MERCHANT
CLU00042,USR70806,USER
CLU00042,USR91577,USER
CLU00042,USR43414,USER
CLU00042,USR12361,USER
CLU00042,USR10193,USER
CLU00042,MCH9375,MERCHANT
CLU00043,USR89295,USER
CLU00043,USR10452,USER
CLU00043,USR10295,USER
CLU00043,USR13367,USER
CLU00043,USR48691,USER
CLU00043,MCH7985,MERCHANT
CLU00044,USR96569,USER
CLU00044,USR98710,USER
CLU00044,USR10603,USER
CLU00044,USR10667,USER
CLU00044,USR32020,USER
CLU00044,MCH4367,MERCHANT
CLU00045,USR53408,USER
CLU00045,USR73349,USER
CLU00045,USR10824,USER
CLU00045,USR74798,USER
CLU00045,MCH5896,MERCHANT
CLU00045,MCH8134,MERCHANT
CLU00046,USR55178,USER
CLU00046,USR89465,USER
CLU00046,USR12265,USER
CLU00046,USR14339,USER
CLU00046,USR36784,USER
CLU00046,MCH4042,MERCHANT
CLU00047,USR76672,USER
CLU00047,USR12519,USER
CLU00047,USR71965,USER
CLU00047,USR67586,USER
CLU00047,USR57999,USER
CLU00047,MCH8080,MERCHANT
CLU00048,USR41041,USER
CLU00048,USR30541,USER
CLU00048,USR35786,USER
CLU00048,USR14002,USER
CLU00048,USR42647,USER
CLU00048,MCH9376,MERCHANT
CLU00049,USR19007,USER
CLU00049,USR62488,USER
CLU00049,USR60635,USER
CLU00049,USR16058,USER
CLU00049,USR84407,USER
CLU00049,MCH5177,MERCHANT
CLU00050,USR88372,USER
CLU00050,USR84959,USER
CLU00050,USR18912,USER
CLU00050,USR92159,USER
CLU00050,USR16352,USER
CLU00050,MCH6114,MERCHANT
CLU00051,USR39585,USER
CLU00051,USR16730,USER
CLU00051,USR98440,USER
CLU00051,USR91027,USER
CLU00051,USR88840,USER
CLU00051,MCH2463,MERCHANT
CLU00052,USR82051,USER
CLU00052,USR71759,USER
CLU00052,USR22310,USER
CLU00052,USR33555,USER
CLU00052,USR17224,USER
CLU00052,MCH8477,MERCHANT
CLU00053,USR67402,USER
CLU00053,USR22448,USER
CLU00053,USR18860,USER
CLU00053,USR91628,USER
CLU00053,USR18609,USER
CLU00053,MCH8810,MERCHANT
CLU00054,USR76757,USER
CLU00054,USR18905,USER
CLU00054,USR60242,USER
CLU00054,USR49320,USER
CLU00054,USR23711,USER
CLU00054,MCH8140,MERCHANT
CLU00055,USR19514,USER
CLU00055,USR31823,USER
CLU00055,USR68150,USER
CLU00055,USR99887,USER
CLU00055,USR53877,USER
CLU00055,MCH1684,MERCHANT
CLU00056,USR53061,USER
CLU00056,USR35749,USER
CLU00056,USR27295,USER
CLU00056,USR58822,USER
CLU00056,USR20341,USER
CLU00056,MCH1137,MERCHANT
CLU00057,USR48202,USER
CLU00057,USR49903,USER
CLU00057,USR23075,USER
CLU00057,USR20391,USER
CLU00057,USR39318,USER
CLU00057,MCH1416,MERCHANT
CLU00058,USR98894,USER
CLU00058,USR86674,USER
CLU00058,USR57092,USER
CLU00058,USR22518,USER
CLU00058,USR61167,USER
CLU00058,MCH3557,MERCHANT
CLU00059,USR80777,USER
CLU00059,USR22736,USER
CLU00059,USR24208,USER
CLU00059,USR55241,USER
CLU00059,USR88745,USER
CLU00059,MCH5925,MERCHANT
CLU00060,USR25226,USER
CLU00060,USR35451,USER
CLU00060,USR68894,USER
CLU00060,USR80894,USER
CLU00060,USR98661,USER
CLU00060,MCH7379,MERCHANT
CLU00061,USR86923,USER
CLU00061,USR44736,USER
CLU00061,USR25857,USER
CLU00061,USR46718,USER
CLU00061,USR46924,USER
CLU00061,MCH7574,MERCHANT
CLU00062,USR80328,USER
CLU00062,USR26110,USER
CLU00062,USR80802,USER
CLU00062,USR99130,USER
CLU00062,USR85221,USER
CLU00062,MCH4089,MERCHANT
CLU00063,USR39980,USER
CLU00063,USR48012,USER
CLU00063,USR99295,USER
CLU00063,USR26389,USER
CLU00063,USR88027,USER
CLU00063,MCH3285,MERCHANT
CLU00064,USR83393,USER
CLU00064,USR72472,USER
CLU00064,USR50365,USER
CLU00064,USR67045,USER
CLU00064,USR26661,USER
CLU00064,MCH5320,MERCHANT
CLU00065,USR36886,USER
CLU00065,USR77634,USER
CLU00065,USR53625,USER
CLU00065,USR27219,USER
CLU00065,USR42483,USER
CLU00065,MCH4084,MERCHANT
CLU00066,USR31976,USER
CLU00066,USR88103,USER
CLU00066,USR27368,USER
CLU00066,USR87505,USER
CLU00066,USR38068,USER
CLU00066,MCH3078,MERCHANT
CLU00067,USR50579,USER
CLU00067,USR91532,USER
CLU00067,USR85411,USER
CLU00067,USR28180,USER
CLU00067,MCH8957,MERCHANT
CLU00067,MCH6621,MERCHANT
CLU00068,USR70265,USER
CLU00068,USR50964,USER
CLU00068,USR29012,USER
CLU00068,USR84504,USER
CLU00068,USR70547,USER
CLU00068,MCH6848,MERCHANT
CLU00069,USR32378,USER
CLU00069,USR30761,USER
CLU00069,USR96932,USER
CLU00069,USR82466,USER
CLU00069,MCH5698,MERCHANT
CLU00069,MCH2768,MERCHANT
CLU00070,USR30976,USER
CLU00070,USR76396,USER
CLU00070,USR69754,USER
CLU00070,USR42368,USER
CLU00070,USR79339,USER
CLU00070,MCH7407,MERCHANT
CLU00071,USR70020,USER
CLU00071,USR33120,USER
CLU00071,USR66547,USER
CLU00071,USR64490,USER
CLU00071,USR77768,USER
CLU00071,MCH8021,MERCHANT
CLU00072,USR88860,USER
CLU00072,USR90190,USER
CLU00072,USR35234,USER
CLU00072,USR80288,USER
CLU00072,USR50218,USER
CLU00072,MCH3292,MERCHANT
CLU00073,USR39577,USER
CLU00073,USR79482,USER
CLU00073,USR83281,USER
CLU00073,USR49397,USER
CLU00073,USR52672,USER
CLU00073,MCH2179,MERCHANT
CLU00074,USR55220,USER
CLU00074,USR53688,USER
CLU00074,USR94116,USER
CLU00074,USR43181,USER
CLU00074,USR55530,USER
CLU00074,MCH6420,MERCHANT
CLU00075,USR81688,USER
CLU00075,USR47178,USER
CLU00075,USR84349,USER
CLU00075,USR49491,USER
CLU00075,USR81394,USER
CLU00075,MCH2222,MERCHANT
CLU00076,USR91153,USER
CLU00076,USR85703,USER
CLU00076,USR60606,USER
CLU00076,USR85669,USER
CLU00076,USR60507,USER
CLU00076,MCH1393,MERCHANT
CLU00077,USR61021,USER
CLU00077,USR78115,USER
CLU00077,USR63885,USER
CLU00077,USR72069,USER
CLU00077,MCH4302,MERCHANT
CLU00077,MCH2942,MERCHANT
CLU00078,USR30572,USER
CLU00078,USR57718,USER
CLU00078,USR10330,USER
CLU00078,USR91946,USER
CLU00078,MCH1129,MERCHANT
CLU00079,USR85115,USER
CLU00079,USR10364,USER
CLU00079,USR44225,USER
CLU00079,MCH7982,MERCHANT
CLU00079,MCH6125,MERCHANT
CLU00080,USR67064,USER
CLU00080,USR60674,USER
CLU00080,USR12469,USER
CLU00080,USR10441,USER
CLU00080,MCH9322,MERCHANT
CLU00081,USR70208,USER
CLU00081,USR76972,USER
CLU00081,USR78019,USER
CLU00081,USR10761,USER
CLU00081,MCH3623,MERCHANT
CLU00082,USR33187,USER
CLU00082,USR32335,USER
CLU00082,USR90337,USER
CLU00082,USR10818,USER
CLU00082,MCH4613,MERCHANT
CLU00083,USR32716,USER
CLU00083,USR77658,USER
CLU00083,USR78597,USER
CLU00083,USR11167,USER
CLU00083,MCH5009,MERCHANT
CLU00084,USR90526,USER
CLU00084,USR11233,USER
CLU00084,USR16587,USER
CLU00084,MCH9455,MERCHANT
CLU00084,MCH9097,MERCHANT
CLU00085,USR94673,USER
CLU00085,USR12021,USER
CLU00085,USR35380,USER
CLU00085,USR24920,USER
CLU00085,MCH8824,MERCHANT
CLU00086,USR35598,USER
CLU00086,USR83894,USER
CLU00086,USR45409,USER
CLU00086,USR12605,USER
CLU00086,MCH5394,MERCHANT
CLU00087,USR15392,USER
CLU00087,USR38138,USER
CLU00087,USR51735,USER
CLU00087,USR13473,USER
CLU00087,MCH1430,MERCHANT
CLU00088,USR71040,USER
CLU00088,USR32438,USER
CLU00088,USR58502,USER
CLU00088,USR13976,USER
CLU00088,MCH8222,MERCHANT
CLU00089,USR75962,USER
CLU00089,USR14167,USER
CLU00089,USR72123,USER
CLU00089,USR83566,USER
CLU00089,MCH8193,MERCHANT
CLU00090,USR74219,USER
CLU00090,USR14203,USER
CLU00090,USR65795,USER
CLU00090,USR73167,USER
CLU00090,MCH7737,MERCHANT
CLU00091,USR32145,USER
CLU00091,USR16299,USER
CLU00091,USR94664,USER
CLU00091,USR14327,USER
CLU00091,MCH3329,MERCHANT
CLU00092,USR16166,USER
CLU00092,USR15518,USER
CLU00092,USR90801,USER
CLU00092,USR50948,USER
CLU00092,MCH2376,MERCHANT
CLU00093,USR15597,USER
CLU00093,USR71491,USER
CLU00093,USR75596,USER
CLU00093,USR24789,USER
CLU00093,MCH9585,MERCHANT
CLU00094,USR68854,USER
CLU00094,USR22559,USER
CLU00094,USR76083,USER
CLU00094,USR15833,USER
CLU00094,MCH5028,MERCHANT
CLU00095,USR94957,USER
CLU00095,USR17587,USER
CLU00095,USR20435,USER
CLU00095,USR77865,USER
CLU00095,MCH9139,MERCHANT
CLU00096,USR70411,USER
CLU00096,USR44960,USER
CLU00096,USR55820,USER
CLU00096,USR17760,USER
CLU00096,MCH4473,MERCHANT
CLU00097,USR37344,USER
CLU00097,USR18954,USER
CLU00097,USR20271,USER
CLU00097,USR72518,USER
CLU00097,MCH7472,MERCHANT
CLU00098,USR49363,USER
CLU00098,USR20811,USER
CLU00098,USR19579,USER
CLU00098,USR77780,USER
CLU00098,MCH7519,MERCHANT
CLU00099,USR27664,USER
CLU00099,USR93128,USER
CLU00099,USR71634,USER
CLU00099,USR20098,USER
CLU00099,MCH1501,MERCHANT
CLU00100,USR27500,USER
CLU00100,USR86576,USER
CLU00100,USR21089,USER
CLU00100,USR81149,USER
CLU00100,MCH9897,MERCHANT
CLU00101,USR31531,USER
CLU00101,USR29908,USER
CLU00101,USR21588,USER
CLU00101,USR93269,USER
CLU00101,MCH9457,MERCHANT
CLU00102,USR21910,USER
CLU00102,USR51470,USER
CLU00102,USR33667,USER
CLU00102,MCH6746,MERCHANT
CLU00102,MCH9520,MERCHANT
CLU00103,USR21946,USER
CLU00103,USR40182,USER
CLU00103,USR22372,USER
CLU00103,USR69904,USER
CLU00103,MCH5589,MERCHANT
CLU00104,USR72502,USER
CLU00104,USR21980,USER
CLU00104,USR41749,USER
CLU00104,USR91729,USER
CLU00104,MCH9607,MERCHANT
CLU00105,USR60570,USER
CLU00105,USR33717,USER
CLU00105,USR22296,USER
CLU00105,USR71756,USER
CLU00105,MCH9358,MERCHANT
CLU00106,USR71235,USER
CLU00106,USR22348,USER
CLU00106,USR34262,USER
CLU00106,USR22336,USER
CLU00106,MCH6678,MERCHANT
CLU00107,USR22770,USER
CLU00107,USR93707,USER
CLU00107,USR63941,USER
CLU00107,MCH5525,MERCHANT
CLU00107,MCH7614,MERCHANT
CLU00108,USR70321,USER
CLU00108,USR26368,USER
CLU00108,USR53986,USER
CLU00108,USR23101,USER
CLU00108,MCH4314,MERCHANT
CLU00109,USR26299,USER
CLU00109,USR50117,USER
CLU00109,USR23108,USER
CLU00109,USR58655,USER
CLU00109,MCH1509,MERCHANT
CLU00110,USR70148,USER
CLU00110,USR38535,USER
CLU00110,USR23865,USER
CLU00110,USR48068,USER
CLU00110,MCH7442,MERCHANT
CLU00111,USR35589,USER
CLU00111,USR78234,USER
CLU00111,USR24548,USER
CLU00111,MCH3818,MERCHANT
CLU00111,MCH9785,MERCHANT
CLU00112,USR24936,USER
CLU00112,USR92208,USER
CLU00112,USR24860,USER
CLU00112,MCH8780,MERCHANT
CLU00112,MCH5917,MERCHANT
CLU00113,USR31289,USER
CLU00113,USR25496,USER
CLU00113,USR38364,USER
CLU00113,USR64240,USER
CLU00113,MCH3128,MERCHANT
CLU00114,USR61630,USER
CLU00114,USR95217,USER
CLU00114,USR39114,USER
CLU00114,USR25593,USER
CLU00114,MCH9572,MERCHANT
CLU00115,USR42784,USER
CLU00115,USR55010,USER
CLU00115,USR26386,USER
CLU00115,USR91982,USER
CLU00115,MCH2692,MERCHANT
CLU00116,USR28279,USER
CLU00116,USR34032,USER
CLU00116,USR28099,USER
CLU00116,USR94923,USER
CLU00116,MCH8713,MERCHANT
CLU00117,USR82393,USER
CLU00117,USR66485,USER
CLU00117,USR28352,USER
CLU00117,MCH1627,MERCHANT
CLU00117,MCH1171,MERCHANT
CLU00118,USR28535,USER
CLU00118,USR95047,USER
CLU00118,USR82235,USER
CLU00118,USR81387,USER
CLU00118,MCH9186,MERCHANT
CLU00119,USR82500,USER
CLU00119,USR91590,USER
CLU00119,USR29579,USER
CLU00119,USR66398,USER
CLU00119,MCH8357,MERCHANT
CLU00120,USR76639,USER
CLU00120,USR89760,USER
CLU00120,USR31358,USER
CLU00120,MCH3412,MERCHANT
CLU00120,MCH5727,MERCHANT
CLU00121,USR73000,USER
CLU00121,USR65744,USER
CLU00121,USR31370,USER
CLU00121,USR76574,USER
CLU00121,MCH6510,MERCHANT
CLU00122,USR76039,USER
CLU00122,USR34618,USER
CLU00122,USR78448,USER
CLU00122,USR51311,USER
CLU00122,MCH4401,MERCHANT
CLU00123,USR78713,USER
CLU00123,USR73870,USER
CLU00123,USR98592,USER
CLU00123,USR34850,USER
CLU00123,MCH7678,MERCHANT
CLU00124,USR90481,USER
CLU00124,USR92468,USER
CLU00124,USR48398,USER
CLU00124,USR35041,USER
CLU00124,MCH3650,MERCHANT
CLU00125,USR77908,USER
CLU00125,USR35083,USER
CLU00125,USR63144,USER
CLU00125,USR96925,USER
CLU00125,MCH9550,MERCHANT
CLU00126,USR36829,USER
CLU00126,USR56428,USER
CLU00126,USR48829,USER
CLU00126,USR69293,USER
CLU00126,MCH1508,MERCHANT
CLU00127,USR95364,USER
CLU00127,USR37193,USER
CLU00127,USR77321,USER
CLU00127,USR37955,USER
CLU00127,MCH2574,MERCHANT
CLU00128,USR61129,USER
CLU00128,USR37596,USER
CLU00128,USR45689,USER
CLU00128,USR99407,USER
CLU00128,MCH4843,MERCHANT
CLU00129,USR37919,USER
CLU00129,USR71804,USER
CLU00129,USR45039,USER
CLU00129,MCH9269,MERCHANT
CLU00129,MCH1319,MERCHANT
CLU00130,USR65177,USER
CLU00130,USR70747,USER
CLU00130,USR41813,USER
CLU00130,USR45240,USER
CLU00130,MCH8361,MERCHANT
CLU00131,USR96330,USER
CLU00131,USR43359,USER
CLU00131,USR96237,USER
CLU00131,USR96053,USER
CLU00131,MCH1176,MERCHANT
CLU00132,USR65036,USER
CLU00132,USR77350,USER
CLU00132,USR70329,USER
CLU00132,USR43779,USER
CLU00132,MCH6921,MERCHANT
CLU00133,USR71952,USER
CLU00133,USR45635,USER
CLU00133,USR58558,USER
CLU00133,USR89098,USER
CLU00133,MCH8985,MERCHANT
CLU00134,USR45971,USER
CLU00134,USR58443,USER
CLU00134,USR80890,USER
CLU00134,MCH5080,MERCHANT
CLU00134,MCH1948,MERCHANT
CLU00135,USR46471,USER
CLU00135,USR63549,USER
CLU00135,USR49574,USER
CLU00135,USR49098,USER
CLU00135,MCH2587,MERCHANT
CLU00136,USR52828,USER
CLU00136,USR54773,USER
CLU00136,USR94135,USER
CLU00136,USR47427,USER
CLU00136,MCH3215,MERCHANT
CLU00137,USR94636,USER
CLU00137,USR85100,USER
CLU00137,USR53970,USER
CLU00137,USR79526,USER
CLU00137,MCH4011,MERCHANT
CLU00138,USR82001,USER
CLU00138,USR58333,USER
CLU00138,USR55735,USER
CLU00138,MCH8629,MERCHANT
CLU00138,MCH9663,MERCHANT
CLU00139,USR62552,USER
CLU00139,USR79716,USER
CLU00139,USR69852,USER
CLU00139,USR91617,USER
CLU00139,MCH5556,MERCHANT
CLU00140,USR97464,USER
CLU00140,USR84938,USER
CLU00140,USR64924,USER
CLU00140,MCH6200,MERCHANT
CLU00140,MCH3246,MERCHANT
CLU00141,USR94071,USER
CLU00141,USR82229,USER
CLU00141,USR66202,USER
CLU00141,USR67098,USER
CLU00141,MCH6336,MERCHANT
CLU00142,USR73410,USER
CLU00142,USR66477,USER
CLU00142,USR94267,USER
CLU00142,USR79712,USER
CLU00142,MCH2968,MERCHANT
CLU00143,USR94513,USER
CLU00143,USR74392,USER
CLU00143,USR91694,USER
CLU00143,USR77605,USER
CLU00143,MCH6471,MERCHANT
CLU00144,USR10853,USER
CLU00144,USR20457,USER
CLU00144,USR14773,USER
CLU00144,MCH4735,MERCHANT
CLU00145,USR10963,USER
CLU00145,USR64264,USER
CLU00145,USR55686,USER
CLU00145,MCH2004,MERCHANT
CLU00146,USR11047,USER
CLU00146,USR46592,USER
CLU00146,USR92424,USER
CLU00146,MCH5721,MERCHANT
CLU00147,USR11301,USER
CLU00147,USR54898,USER
CLU00147,USR76982,USER
CLU00147,MCH1981,MERCHANT
CLU00148,USR21318,USER
CLU00148,USR11548,USER
CLU00148,USR53273,USER
CLU00148,MCH6909,MERCHANT
CLU00149,USR84098,USER
CLU00149,USR60475,USER
CLU00149,USR12185,USER
CLU00149,MCH3096,MERCHANT
CLU00150,USR13826,USER
CLU00150,USR59572,USER
CLU00150,USR79419,USER
CLU00150,MCH2138,MERCHANT
CLU00151,USR43204,USER
CLU00151,USR60961,USER
CLU00151,USR14586,USER
CLU00151,MCH6701,MERCHANT
CLU00152,USR18704,USER
CLU00152,USR56129,USER
CLU00152,USR14856,USER
CLU00152,MCH6209,MERCHANT
CLU00153,USR15168,USER
CLU00153,USR21116,USER
CLU00153,USR99547,USER
CLU00153,MCH6553,MERCHANT
CLU00154,USR86671,USER
CLU00154,USR75122,USER
CLU00154,USR15556,USER
CLU00154,MCH1318,MERCHANT
CLU00155,USR96990,USER
CLU00155,USR98305,USER
CLU00155,USR16089,USER
CLU00155,MCH3478,MERCHANT
CLU00156,USR16219,USER
CLU00156,USR21469,USER
CLU00156,USR31211,USER
CLU00156,MCH8463,MERCHANT
CLU00157,USR17321,USER
CLU00157,USR23953,USER
CLU00157,USR54394,USER
CLU00157,MCH1690,MERCHANT
CLU00158,USR23485,USER
CLU00158,USR36102,USER
CLU00158,USR17860,USER
CLU00158,MCH5278,MERCHANT
CLU00159,USR44238,USER
CLU00159,USR34897,USER
CLU00159,USR18990,USER
CLU00159,MCH9352,MERCHANT
CLU00160,USR19211,USER
CLU00160,USR39604,USER
CLU00160,USR30904,USER
CLU00160,MCH2500,MERCHANT
CLU00161,USR73877,USER
CLU00161,USR20027,USER
CLU00161,USR46726,USER
CLU00161,MCH9740,MERCHANT
CLU00162,USR46165,USER
CLU00162,USR20089,USER
CLU00162,USR59541,USER
CLU00162,MCH1329,MERCHANT
CLU00163,USR30087,USER
CLU00163,USR56663,USER
CLU00163,USR21423,USER
CLU00163,MCH3846,MERCHANT
CLU00164,USR22700,USER
CLU00164,USR71192,USER
CLU00164,USR21473,USER
CLU00164,MCH2257,MERCHANT
CLU00165,USR92775,USER
CLU00165,USR24375,USER
CLU00165,USR22362,USER
CLU00165,MCH6225,MERCHANT
CLU00166,USR62633,USER
CLU00166,USR22368,USER
CLU00166,USR89777,USER
CLU00166,MCH7415,MERCHANT
CLU00167,USR22682,USER
CLU00167,USR40891,USER
CLU00167,USR46758,USER
CLU00167,MCH9596,MERCHANT
CLU00168,USR99749,USER
CLU00168,USR22813,USER
CLU00168,USR62330,USER
CLU00168,MCH4949,MERCHANT
CLU00169,USR49340,USER
CLU00169,USR61195,USER
CLU00169,USR22950,USER
CLU00169,MCH7201,MERCHANT
CLU00170,USR23173,USER
CLU00170,USR43713,USER
CLU00170,USR42775,USER
CLU00170,MCH4544,MERCHANT
CLU00171,USR99256,USER
CLU00171,USR63368,USER
CLU00171,USR23614,USER
CLU00171,MCH9657,MERCHANT
CLU00172,USR52494,USER
CLU00172,USR24790,USER
CLU00172,USR23896,USER
CLU00172,MCH4543,MERCHANT
CLU00173,USR96212,USER
CLU00173,USR24900,USER
CLU00173,USR98625,USER
CLU00173,MCH9693,MERCHANT
CLU00174,USR38917,USER
CLU00174,USR25169,USER
CLU00174,USR89902,USER
CLU00174,MCH4919,MERCHANT
CLU00175,USR37299,USER
CLU00175,USR26186,USER
CLU00175,MCH3606,MERCHANT
CLU00175,MCH2387,MERCHANT
CLU00176,USR48847,USER
CLU00176,USR89961,USER
CLU00176,USR26580,USER
CLU00176,MCH2534,MERCHANT
CLU00177,USR27898,USER
CLU00177,USR63261,USER
CLU00177,USR34744,USER
CLU00177,MCH9739,MERCHANT
CLU00178,USR40699,USER
CLU00178,USR29605,USER
CLU00178,USR36417,USER
CLU00178,MCH4107,MERCHANT
CLU00179,USR52604,USER
CLU00179,USR30005,USER
CLU00179,USR93864,USER
CLU00179,MCH3549,MERCHANT
CLU00180,USR31073,USER
CLU00180,USR36744,USER
CLU00180,USR43108,USER
CLU00180,MCH4749,MERCHANT
CLU00181,USR31129,USER
CLU00181,USR54188,USER
CLU00181,USR45215,USER
CLU00181,MCH6917,MERCHANT
CLU00182,USR31973,USER
CLU00182,USR89840,USER
CLU00182,USR33653,USER
CLU00182,MCH1707,MERCHANT
CLU00183,USR33894,USER
CLU00183,USR80371,USER
CLU00183,USR72028,USER
CLU00183,MCH4121,MERCHANT
CLU00184,USR33937,USER
CLU00184,USR46616,USER
CLU00184,USR42660,USER
CLU00184,MCH3185,MERCHANT
CLU00185,USR44782,USER
CLU00185,USR53948,USER
CLU00185,USR35762,USER
CLU00185,MCH9431,MERCHANT
CLU00186,USR49708,USER
CLU00186,USR36199,USER
CLU00186,USR82330,USER
CLU00186,MCH4948,MERCHANT
CLU00187,USR36563,USER
CLU00187,USR41469,USER
CLU00187,USR53532,USER
CLU00187,MCH3294,MERCHANT
CLU00188,USR56110,USER
CLU00188,USR40252,USER
CLU00188,MCH4288,MERCHANT
CLU00188,MCH4054,MERCHANT
CLU00189,USR40808,USER
CLU00189,USR87438,USER
CLU00189,USR79776,USER
CLU00189,MCH6316,MERCHANT
CLU00190,USR80059,USER
CLU00190,USR71426,USER
CLU00190,USR41701,USER
CLU00190,MCH7058,MERCHANT
CLU00191,USR99085,USER
CLU00191,USR42046,USER
CLU00191,MCH4509,MERCHANT
CLU00191,MCH5598,MERCHANT
CLU00192,USR85527,USER
CLU00192,USR42873,USER
CLU00192,USR75336,USER
CLU00192,MCH3548,MERCHANT
CLU00193,USR84351,USER
CLU00193,USR54427,USER
CLU00193,USR43023,USER
CLU00193,MCH5067,MERCHANT
CLU00194,USR82800,USER
CLU00194,USR50732,USER
CLU00194,USR44080,USER
CLU00194,MCH6688,MERCHANT
CLU00195,USR44206,USER
CLU00195,USR93014,USER
CLU00195,USR58187,USER
CLU00195,MCH2275,MERCHANT
CLU00196,USR44867,USER
CLU00196,USR57633,USER
CLU00196,USR52359,USER
CLU00196,MCH8586,MERCHANT
CLU00197,USR93616,USER
CLU00197,USR65452,USER
CLU00197,USR46243,USER
CLU00197,MCH6435,MERCHANT
CLU00198,USR60589,USER
CLU00198,USR47823,USER
CLU00198,USR81614,USER
CLU00198,MCH4321,MERCHANT
CLU00199,USR77397,USER
CLU00199,USR55680,USER
CLU00199,USR52580,USER
CLU00199,MCH4579,MERCHANT
CLU00200,USR53286,USER
CLU00200,USR67269,USER
CLU00200,USR53401,USER
CLU00200,MCH9777,MERCHANT
CLU00201,USR54714,USER
CLU00201,USR61410,USER
CLU00201,USR86826,USER
CLU00201,MCH8255,MERCHANT
CLU00202,USR55392,USER
CLU00202,USR63265,USER
CLU00202,USR67764,USER
CLU00202,MCH3855,MERCHANT
CLU00203,USR55862,USER
CLU00203,USR69520,USER
CLU00203,USR94489,USER
CLU00203,MCH6687,MERCHANT
CLU00204,USR57449,USER
CLU00204,USR91139,USER
CLU00204,USR64274,USER
CLU00204,MCH6527,MERCHANT
CLU00205,USR90800,USER
CLU00205,USR73644,USER
CLU00205,USR61222,USER
CLU00205,MCH6734,MERCHANT
CLU00206,USR70532,USER
CLU00206,USR64893,USER
CLU00206,MCH4937,MERCHANT
CLU00206,MCH7722,MERCHANT
CLU00207,USR68580,USER
CLU00207,USR97837,USER
CLU00207,USR70016,USER
CLU00207,MCH6266,MERCHANT
CLU00208,USR97212,USER
CLU00208,USR73899,USER
CLU00208,USR75867,USER
CLU00208,MCH9766,MERCHANT
CLU00209,USR79916,USER
CLU00209,USR99366,USER
CLU00209,USR99688,USER
CLU00209,MCH2689,MERCHANT
CLU00210,USR90948,USER
CLU00210,USR98102,USER
CLU00210,USR96743,USER
CLU00210,MCH1741,MERCHANT
CLU00211,USR12722,USER
CLU00211,USR10086,USER
CLU00211,MCH2137,MERCHANT
CLU00212,USR24736,USER
CLU00212,USR10301,USER
CLU00212,MCH9934,MERCHANT
CLU00213,USR10317,USER
CLU00213,USR38622,USER
CLU00213,MCH6444,MERCHANT
CLU00214,USR10471,USER
CLU00214,USR98067,USER
CLU00214,MCH9141,MERCHANT
CLU00215,USR10487,USER
CLU00215,USR53521,USER
CLU00215,MCH2491,MERCHANT
CLU00216,USR10698,USER
CLU00216,USR85226,USER
CLU00216,MCH9761,MERCHANT
CLU00217,USR10716,USER
CLU00217,USR48326,USER
CLU00217,MCH6386,MERCHANT
CLU00218,USR96360,USER
CLU00218,USR10973,USER
CLU00218,MCH4591,MERCHANT
CLU00219,USR10975,USER
CLU00219,USR37637,USER
CLU00219,MCH8263,MERCHANT
CLU00220,USR11010,USER
CLU00220,USR58932,USER
CLU00220,MCH3308,MERCHANT
CLU00221,USR11063,USER
CLU00221,USR15771,USER
CLU00221,MCH4074,MERCHANT
CLU00222,USR11143,USER
CLU00222,USR28927,USER
CLU00222,MCH7757,MERCHANT
CLU00223,USR11146,USER
CLU00223,USR75038,USER
CLU00223,MCH9075,MERCHANT
CLU00224,USR54877,USER
CLU00224,USR11200,USER
CLU00224,MCH1256,MERCHANT
CLU00225,USR11307,USER
CLU00225,USR88086,USER
CLU00225,MCH2649,MERCHANT
CLU00226,USR11337,USER
CLU00226,USR27139,USER
CLU00226,MCH1714,MERCHANT
CLU00227,USR27103,USER
CLU00227,USR11385,USER
CLU00227,MCH9400,MERCHANT
CLU00228,USR11953,USER
CLU00228,USR64957,USER
CLU00228,MCH4494,MERCHANT
CLU00229,USR61593,USER
CLU00229,USR12091,USER
CLU00229,MCH6393,MERCHANT
CLU00230,USR12247,USER
CLU00230,USR32615,USER
CLU00230,MCH8355,MERCHANT
CLU00231,USR13067,USER
CLU00231,USR12611,USER
CLU00231,MCH7892,MERCHANT
CLU00232,USR12832,USER
CLU00232,USR52109,USER
CLU00232,MCH1347,MERCHANT
CLU00233,USR12843,USER
CLU00233,USR24399,USER
CLU00233,MCH5085,MERCHANT
CLU00234,USR12900,USER
CLU00234,USR31578,USER
CLU00234,MCH9093,MERCHANT
CLU00235,USR34142,USER
CLU00235,USR13116,USER
CLU00235,MCH1875,MERCHANT
CLU00236,USR29736,USER
CLU00236,USR13222,USER
CLU00236,MCH4524,MERCHANT
CLU00237,USR13229,USER
CLU00237,USR74631,USER
CLU00237,MCH2375,MERCHANT
CLU00238,USR76597,USER
CLU00238,USR13249,USER
CLU00238,MCH1681,MERCHANT
CLU00239,USR91630,USER
CLU00239,USR13352,USER
CLU00239,MCH9399,MERCHANT
CLU00240,USR61107,USER
CLU00240,USR13611,USER
CLU00240,MCH7564,MERCHANT
CLU00241,USR13691,USER
CLU00241,USR51123,USER
CLU00241,MCH5519,MERCHANT
CLU00242,USR19132,USER
CLU00242,USR13788,USER
CLU00242,MCH4283,MERCHANT
CLU00243,USR44228,USER
CLU00243,USR13929,USER
CLU00243,MCH6091,MERCHANT
CLU00244,USR14076,USER
CLU00244,USR67216,USER
CLU00244,MCH3964,MERCHANT
CLU00245,USR14131,USER
CLU00245,USR40675,USER
CLU00245,MCH2048,MERCHANT
CLU00246,USR61693,USER
CLU00246,USR14359,USER
CLU00246,MCH8601,MERCHANT
CLU00247,USR78616,USER
CLU00247,USR14501,USER
CLU00247,MCH4802,MERCHANT
CLU00248,USR80125,USER
CLU00248,USR14598,USER
CLU00248,MCH8918,MERCHANT
CLU00249,USR14719,USER
CLU00249,USR56013,USER
CLU00249,MCH8840,MERCHANT
CLU00250,USR14772,USER
CLU00250,USR96793,USER
CLU00250,MCH7331,MERCHANT
CLU00251,USR14870,USER
CLU00251,USR22180,USER
CLU00251,MCH2851,MERCHANT
CLU00252,USR77290,USER
CLU00252,USR15222,USER
CLU00252,MCH5170,MERCHANT
CLU00253,USR41962,USER
CLU00253,USR15434,USER
CLU00253,MCH9753,MERCHANT
CLU00254,USR15478,USER
CLU00254,USR65638,USER
CLU00254,MCH2820,MERCHANT
CLU00255,USR15543,USER
CLU00255,USR18589,USER
CLU00255,MCH8591,MERCHANT
CLU00256,USR15565,USER
CLU00256,USR57014,USER
CLU00256,MCH7085,MERCHANT
CLU00257,USR35119,USER
CLU00257,USR15653,USER
CLU00257,MCH2651,MERCHANT
CLU00258,USR15741,USER
CLU00258,USR50437,USER
CLU00258,MCH2401,MERCHANT
CLU00259,USR39830,USER
CLU00259,USR15744,USER
CLU00259,MCH3657,MERCHANT
CLU00260,USR16644,USER
CLU00260,USR15834,USER
CLU00260,MCH3895,MERCHANT
CLU00261,USR79866,USER
CLU00261,USR15928,USER
CLU00261,MCH7366,MERCHANT
CLU00262,USR63346,USER
CLU00262,USR15978,USER
CLU00262,MCH8277,MERCHANT
CLU00263,USR15990,USER
CLU00263,USR61142,USER
CLU00263,MCH9801,MERCHANT
CLU00264,USR16084,USER
CLU00264,USR21629,USER
CLU00264,MCH3541,MERCHANT
CLU00265,USR16116,USER
CLU00265,USR75409,USER
CLU00265,MCH4148,MERCHANT
CLU00266,USR16260,USER
CLU00266,USR54401,USER
CLU00266,MCH1207,MERCHANT
CLU00267,USR82715,USER
CLU00267,USR16362,USER
CLU00267,MCH9199,MERCHANT
CLU00268,USR16450,USER
CLU00268,USR85059,USER
CLU00268,MCH2306,MERCHANT
CLU00269,USR16485,USER
CLU00269,USR36439,USER
CLU00269,MCH7155,MERCHANT
CLU00270,USR18542,USER
CLU00270,USR16710,USER
CLU00270,MCH9853,MERCHANT
CLU00271,USR16817,USER
CLU00271,USR92527,USER
CLU00271,MCH1099,MERCHANT
CLU00272,USR16925,USER
CLU00272,USR28872,USER
CLU00272,MCH2187,MERCHANT
CLU00273,USR64209,USER
CLU00273,USR16956,USER
CLU00273,MCH3271,MERCHANT
CLU00274,USR17259,USER
CLU00274,USR96651,USER
CLU00274,MCH8770,MERCHANT
CLU00275,USR17289,USER
CLU00275,USR44247,USER
CLU00275,MCH1249,MERCHANT
CLU00276,USR17336,USER
CLU00276,USR27819,USER
CLU00276,MCH3900,MERCHANT
CLU00277,USR17350,USER
CLU00277,USR87444,USER
CLU00277,MCH5594,MERCHANT
CLU00278,USR65881,USER
CLU00278,USR17546,USER
CLU00278,MCH2074,MERCHANT
CLU00279,USR17810,USER
CLU00279,USR62939,USER
CLU00279,MCH6098,MERCHANT
CLU00280,USR83162,USER
CLU00280,USR18231,USER
CLU00280,MCH4758,MERCHANT
CLU00281,USR18392,USER
CLU00281,USR34733,USER
CLU00281,MCH9675,MERCHANT
CLU00282,USR18722,USER
CLU00282,USR65511,USER
CLU00282,MCH2577,MERCHANT
CLU00283,USR18784,USER
CLU00283,USR63245,USER
CLU00283,MCH9876,MERCHANT
CLU00284,USR37969,USER
CLU00284,USR18886,USER
CLU00284,MCH5751,MERCHANT
CLU00285,USR19010,USER
CLU00285,USR31785,USER
CLU00285,MCH9324,MERCHANT
CLU00286,USR93359,USER
CLU00286,USR19018,USER
CLU00286,MCH5938,MERCHANT
CLU00287,USR37413,USER
CLU00287,USR19121,USER
CLU00287,MCH1126,MERCHANT
CLU00288,USR19294,USER
CLU00288,USR90651,USER
CLU00288,MCH9688,MERCHANT
CLU00289,USR19295,USER
CLU00289,USR64929,USER
CLU00289,MCH4614,MERCHANT
CLU00290,USR19366,USER
CLU00290,USR80098,USER
CLU00290,MCH3767,MERCHANT
CLU00291,USR29882,USER
CLU00291,USR19402,USER
CLU00291,MCH6788,MERCHANT
CLU00292,USR19552,USER
CLU00292,USR68191,USER
CLU00292,MCH6764,MERCHANT
CLU00293,USR19622,USER
CLU00293,USR77275,USER
CLU00293,MCH8493,MERCHANT
CLU00294,USR19658,USER
CLU00294,MCH7896,MERCHANT
CLU00294,MCH8883,MERCHANT
CLU00295,USR20157,USER
CLU00295,USR26668,USER
CLU00295,MCH4809,MERCHANT
CLU00296,USR41373,USER
CLU00296,USR20190,USER
CLU00296,MCH6523,MERCHANT
CLU00297,USR39206,USER
CLU00297,USR20372,USER
CLU00297,MCH7979,MERCHANT
CLU00298,USR20390,USER
CLU00298,USR31585,USER
CLU00298,MCH9306,MERCHANT
CLU00299,USR55720,USER
CLU00299,USR20656,USER
CLU00299,MCH3630,MERCHANT
CLU00300,USR37319,USER
CLU00300,USR20788,USER
CLU00300,MCH1988,MERCHANT
CLU00301,USR79190,USER
CLU00301,USR20858,USER
CLU00301,MCH1970,MERCHANT
CLU00302,USR75780,USER
CLU00302,USR20984,USER
CLU00302,MCH2100,MERCHANT
CLU00303,USR54850,USER
CLU00303,USR21011,USER
CLU00303,MCH3599,MERCHANT
CLU00304,USR22509,USER
CLU00304,USR21080,USER
CLU00304,MCH7448,MERCHANT
CLU00305,USR42121,USER
CLU00305,USR21118,USER
CLU00305,MCH1554,MERCHANT
CLU00306,USR97519,USER
CLU00306,USR21223,USER
CLU00306,MCH2304,MERCHANT
CLU00307,USR21400,USER
CLU00307,USR72244,USER
CLU00307,MCH8616,MERCHANT
CLU00308,USR21641,USER
CLU00308,USR81615,USER
CLU00308,MCH4726,MERCHANT
CLU00309,USR21921,USER
CLU00309,USR59996,USER
CLU00309,MCH2520,MERCHANT
CLU00310,USR84781,USER
CLU00310,USR22065,USER
CLU00310,MCH3167,MERCHANT
CLU00311,USR91965,USER
CLU00311,USR22190,USER
CLU00311,MCH4052,MERCHANT
CLU00312,USR87477,USER
CLU00312,USR22345,USER
CLU00312,MCH8984,MERCHANT
CLU00313,USR22564,USER
CLU00313,USR90593,USER
CLU00313,MCH3050,MERCHANT
CLU00314,USR22948,USER
CLU00314,USR33481,USER
CLU00314,MCH7141,MERCHANT
CLU00315,USR23004,USER
CLU00315,USR98784,USER
CLU00315,MCH2631,MERCHANT
CLU00316,USR23115,USER
CLU00316,USR97230,USER
CLU00316,MCH5427,MERCHANT
CLU00317,USR45010,USER
CLU00317,USR23170,USER
CLU00317,MCH2140,MERCHANT
CLU00318,USR26749,USER
CLU00318,USR23213,USER
CLU00318,MCH2007,MERCHANT
CLU00319,USR23317,USER
CLU00319,USR63763,USER
CLU00319,MCH6831,MERCHANT
CLU00320,USR59170,USER
CLU00320,USR23514,USER
CLU00320,MCH3856,MERCHANT
CLU00321,USR31102,USER
CLU00321,USR23702,USER
CLU00321,MCH4369,MERCHANT
CLU00322,USR24018,USER
CLU00322,USR42158,USER
CLU00322,MCH9497,MERCHANT
CLU00323,USR62716,USER
CLU00323,USR24058,USER
CLU00323,MCH9977,MERCHANT
CLU00324,USR54758,USER
CLU00324,USR24081,USER
CLU00324,MCH5288,MERCHANT
CLU00325,USR60859,USER
CLU00325,USR24349,USER
CLU00325,MCH8366,MERCHANT
CLU00326,USR24394,USER
CLU00326,USR69139,USER
CLU00326,MCH3151,MERCHANT
CLU00327,USR38062,USER
CLU00327,USR25524,USER
CLU00327,MCH1175,MERCHANT
CLU00328,USR36623,USER
CLU00328,USR25552,USER
CLU00328,MCH8929,MERCHANT
CLU00329,USR25565,USER
CLU00329,USR55539,USER
CLU00329,MCH4425,MERCHANT
CLU00330,USR39724,USER
CLU00330,USR25608,USER
CLU00330,MCH9956,MERCHANT
CLU00331,USR25722,USER
CLU00331,USR36254,USER
CLU00331,MCH7436,MERCHANT
CLU00332,USR78179,USER
CLU00332,USR25728,USER
CLU00332,MCH5796,MERCHANT
CLU00333,USR25931,USER
CLU00333,USR88733,USER
CLU00333,MCH2701,MERCHANT
CLU00334,USR25941,USER
CLU00334,USR62665,USER
CLU00334,MCH4419,MERCHANT
CLU00335,USR26014,USER
CLU00335,USR60694,USER
CLU00335,MCH3734,MERCHANT
CLU00336,USR26424,USER
CLU00336,USR69614,USER
CLU00336,MCH8496,MERCHANT
CLU00337,USR26666,USER
CLU00337,USR89300,USER
CLU00337,MCH2391,MERCHANT
CLU00338,USR26943,USER
CLU00338,USR74032,USER
CLU00338,MCH1760,MERCHANT
CLU00339,USR80049,USER
CLU00339,USR27335,USER
CLU00339,MCH6706,MERCHANT
CLU00340,USR27337,USER
CLU00340,USR73432,USER
CLU00340,MCH2843,MERCHANT
CLU00341,USR27383,USER
CLU00341,USR35369,USER
CLU00341,MCH9984,MERCHANT
CLU00342,USR27561,USER
CLU00342,USR40753,USER
CLU00342,MCH8316,MERCHANT
CLU00343,USR97793,USER
CLU00343,USR27777,USER
CLU00343,MCH8727,MERCHANT
CLU00344,USR95118,USER
CLU00344,USR28127,USER
CLU00344,MCH6207,MERCHANT
CLU00345,USR28290,USER
CLU00345,USR51648,USER
CLU00345,MCH7139,MERCHANT
CLU00346,USR59380,USER
CLU00346,USR28694,USER
CLU00346,MCH3471,MERCHANT
CLU00347,USR69023,USER
CLU00347,USR28742,USER
CLU00347,MCH9750,MERCHANT
CLU00348,USR28960,USER
CLU00348,USR75902,USER
CLU00348,MCH5719,MERCHANT
CLU00349,USR84853,USER
CLU00349,USR29079,USER
CLU00349,MCH6771,MERCHANT
CLU00350,USR41266,USER
CLU00350,USR29169,USER
CLU00350,MCH6919,MERCHANT
CLU00351,USR29192,USER
CLU00351,USR99848,USER
CLU00351,MCH1701,MERCHANT
CLU00352,USR33458,USER
CLU00352,USR29282,USER
CLU00352,MCH6433,MERCHANT
CLU00353,USR29312,USER
CLU00353,USR74916,USER
CLU00353,MCH4751,MERCHANT
CLU00354,USR29518,USER
CLU00354,USR71225,USER
CLU00354,MCH5981,MERCHANT
CLU00355,USR29560,USER
CLU00355,USR91986,USER
CLU00355,MCH6165,MERCHANT
CLU00356,USR86108,USER
CLU00356,USR29779,USER
CLU00356,MCH8892,MERCHANT
CLU00357,USR75580,USER
CLU00357,USR29798,USER
CLU00357,MCH1152,MERCHANT
CLU00358,USR47690,USER
CLU00358,USR29884,USER
CLU00358,MCH5955,MERCHANT
CLU00359,USR94647,USER
CLU00359,USR30052,USER
CLU00359,MCH1367,MERCHANT
CLU00360,USR98500,USER
CLU00360,USR30242,USER
CLU00360,MCH6103,MERCHANT
CLU00361,USR30575,USER
CLU00361,USR46456,USER
CLU00361,MCH1382,MERCHANT
CLU00362,USR30762,USER
CLU00362,USR45002,USER
CLU00362,MCH8001,MERCHANT
CLU00363,USR30869,USER
CLU00363,USR38968,USER
CLU00363,MCH8894,MERCHANT
CLU00364,USR30902,USER
CLU00364,USR39994,USER
CLU00364,MCH3129,MERCHANT
CLU00365,USR30948,USER
CLU00365,USR84095,USER
CLU00365,MCH9758,MERCHANT
CLU00366,USR31337,USER
CLU00366,USR62310,USER
CLU00366,MCH2569,MERCHANT
CLU00367,USR31388,USER
CLU00367,USR50316,USER
CLU00367,MCH8571,MERCHANT
CLU00368,USR31729,USER
CLU00368,USR98871,USER
CLU00368,MCH6880,MERCHANT
CLU00369,USR31786,USER
CLU00369,USR62853,USER
CLU00369,MCH6810,MERCHANT
CLU00370,USR95868,USER
CLU00370,USR31917,USER
CLU00370,MCH9300,MERCHANT
CLU00371,USR51168,USER
CLU00371,USR32143,USER
CLU00371,MCH8502,MERCHANT
CLU00372,USR32273,USER
CLU00372,USR32944,USER
CLU00372,MCH1989,MERCHANT
CLU00373,USR89635,USER
CLU00373,USR32405,USER
CLU00373,MCH2923,MERCHANT
CLU00374,USR52726,USER
CLU00374,USR32409,USER
CLU00374,MCH3539,MERCHANT
CLU00375,USR32572,USER
CLU00375,USR53438,USER
CLU00375,MCH5118,MERCHANT
CLU00376,USR32882,USER
CLU00376,USR67742,USER
CLU00376,MCH8755,MERCHANT
CLU00377,USR32956,USER
CLU00377,USR54625,USER
CLU00377,MCH9890,MERCHANT
CLU00378,USR43265,USER
CLU00378,USR33039,USER
CLU00378,MCH7459,MERCHANT
CLU00379,USR33047,USER
CLU00379,USR95790,USER
CLU00379,MCH6389,MERCHANT
CLU00380,USR75062,USER
CLU00380,USR33172,USER
CLU00380,MCH2861,MERCHANT
CLU00381,USR33292,USER
CLU00381,USR89891,USER
CLU00381,MCH5132,MERCHANT
CLU00382,USR33484,USER
CLU00382,USR51315,USER
CLU00382,MCH6662,MERCHANT
CLU00383,USR64997,USER
CLU00383,USR33989,USER
CLU00383,MCH9444,MERCHANT
CLU00384,USR34195,USER
CLU00384,USR37282,USER
CLU00384,MCH3257,MERCHANT
CLU00385,USR34215,USER
CLU00385,USR35787,USER
CLU00385,MCH3325,MERCHANT
CLU00386,USR65576,USER
CLU00386,USR34435,USER
CLU00386,MCH2971,MERCHANT
CLU00387,USR34760,USER
CLU00387,USR84471,USER
CLU00387,MCH2523,MERCHANT
CLU00388,USR49257,USER
CLU00388,USR34787,USER
CLU00388,MCH2540,MERCHANT
CLU00389,USR78163,USER
CLU00389,USR34884,USER
CLU00389,MCH3659,MERCHANT
CLU00390,USR60145,USER
CLU00390,USR35368,USER
CLU00390,MCH4279,MERCHANT
CLU00391,USR35430,USER
CLU00391,USR97016,USER
CLU00391,MCH1117,MERCHANT
CLU00392,USR35492,USER
CLU00392,USR97151,USER
CLU00392,MCH7880,MERCHANT
CLU00393,USR35704,USER
CLU00393,USR93634,USER
CLU00393,MCH5953,MERCHANT
CLU00394,USR51592,USER
CLU00394,USR35873,USER
CLU00394,MCH5750,MERCHANT
CLU00395,USR35945,USER
CLU00395,USR65727,USER
CLU00395,MCH1615,MERCHANT
CLU00396,USR36099,USER
CLU00396,USR96985,USER
CLU00396,MCH9366,MERCHANT
CLU00397,USR66076,USER
CLU00397,USR36317,USER
CLU00397,MCH2005,MERCHANT
CLU00398,USR36484,USER
CLU00398,USR88349,USER
CLU00398,MCH3118,MERCHANT
CLU00399,USR45153,USER
CLU00399,USR36755,USER
CLU00399,MCH5941,MERCHANT
CLU00400,USR52304,USER
CLU00400,USR36873,USER
CLU00400,MCH6126,MERCHANT
CLU00401,USR37037,USER
CLU00401,USR61887,USER
CLU00401,MCH7768,MERCHANT
CLU00402,USR37537,USER
CLU00402,USR77146,USER
CLU00402,MCH2529,MERCHANT
CLU00403,USR62126,USER
CLU00403,USR38238,USER
CLU00403,MCH7978,MERCHANT
CLU00404,USR38257,USER
CLU00404,MCH1936,MERCHANT
CLU00404,MCH5459,MERCHANT
CLU00405,USR38722,USER
CLU00405,USR98607,USER
CLU00405,MCH4423,MERCHANT
CLU00406,USR38727,USER
CLU00406,USR56027,USER
CLU00406,MCH7468,MERCHANT
CLU00407,USR39130,USER
CLU00407,USR62385,USER
CLU00407,MCH7681,MERCHANT
CLU00408,USR40169,USER
CLU00408,USR42507,USER
CLU00408,MCH1226,MERCHANT
CLU00409,USR97767,USER
CLU00409,USR40511,USER
CLU00409,MCH5966,MERCHANT
CLU00410,USR41234,USER
CLU00410,USR74323,USER
CLU00410,MCH2131,MERCHANT
CLU00411,USR41404,USER
CLU00411,USR97499,USER
CLU00411,MCH2090,MERCHANT
CLU00412,USR41756,USER
CLU00412,USR54780,USER
CLU00412,MCH2929,MERCHANT
CLU00413,USR42198,USER
CLU00413,USR67636,USER
CLU00413,MCH4593,MERCHANT
CLU00414,USR42202,USER
CLU00414,USR67816,USER
CLU00414,MCH4995,MERCHANT
CLU00415,USR42302,USER
CLU00415,USR46455,USER
CLU00415,MCH2647,MERCHANT
CLU00416,USR67523,USER
CLU00416,USR42322,USER
CLU00416,MCH4691,MERCHANT
CLU00417,USR64598,USER
CLU00417,USR42383,USER
CLU00417,MCH6606,MERCHANT
CLU00418,USR42892,USER
CLU00418,USR49142,USER
CLU00418,MCH3074,MERCHANT
CLU00419,USR42927,USER
CLU00419,USR43049,USER
CLU00419,MCH4436,MERCHANT
CLU00420,USR43100,USER
CLU00420,USR99949,USER
CLU00420,MCH9676,MERCHANT
CLU00421,USR43244,USER
CLU00421,USR89285,USER
CLU00421,MCH4936,MERCHANT
CLU00422,USR43353,USER
CLU00422,USR58625,USER
CLU00422,MCH1864,MERCHANT
CLU00423,USR44302,USER
CLU00423,USR73608,USER
CLU00423,MCH6371,MERCHANT
CLU00424,USR44329,USER
CLU00424,USR80009,USER
CLU00424,MCH2272,MERCHANT
CLU00425,USR44398,USER
CLU00425,USR53332,USER
CLU00425,MCH5662,MERCHANT
CLU00426,USR97755,USER
CLU00426,USR44426,USER
CLU00426,MCH6761,MERCHANT
CLU00427,USR96489,USER
CLU00427,USR44524,USER
CLU00427,MCH8003,MERCHANT
CLU00428,USR44676,USER
CLU00428,USR89429,USER
CLU00428,MCH4510,MERCHANT
CLU00429,USR44834,USER
CLU00429,USR49065,USER
CLU00429,MCH5972,MERCHANT
CLU00430,USR92271,USER
CLU00430,USR44961,USER
CLU00430,MCH3233,MERCHANT
CLU00431,USR80620,USER
CLU00431,USR45128,USER
CLU00431,MCH4589,MERCHANT
CLU00432,USR45677,USER
CLU00432,USR97861,USER
CLU00432,MCH8598,MERCHANT
CLU00433,USR65214,USER
CLU00433,USR45786,USER
CLU00433,MCH3980,MERCHANT
CLU00434,USR46073,USER
CLU00434,USR62031,USER
CLU00434,MCH6010,MERCHANT
CLU00435,USR46113,USER
CLU00435,USR83327,USER
CLU00435,MCH3760,MERCHANT
CLU00436,USR46204,USER
CLU00436,USR79974,USER
CLU00436,MCH1820,MERCHANT
CLU00437,USR91158,USER
CLU00437,USR46411,USER
CLU00437,MCH2239,MERCHANT
CLU00438,USR46435,USER
CLU00438,USR94716,USER
CLU00438,MCH1095,MERCHANT
CLU00439,USR82174,USER
CLU00439,USR46929,USER
CLU00439,MCH7131,MERCHANT
CLU00440,USR47081,USER
CLU00440,USR64018,USER
CLU00440,MCH1407,MERCHANT
CLU00441,USR47389,USER
CLU00441,USR68351,USER
CLU00441,MCH6603,MERCHANT
CLU00442,USR47447,USER
CLU00442,USR99712,USER
CLU00442,MCH8765,MERCHANT
CLU00443,USR48992,USER
CLU00443,USR47819,USER
CLU00443,MCH8859,MERCHANT
CLU00444,USR47922,USER
CLU00444,USR87975,USER
CLU00444,MCH6939,MERCHANT
CLU00445,USR48191,USER
CLU00445,USR73908,USER
CLU00445,MCH7164,MERCHANT
CLU00446,USR48399,USER
CLU00446,MCH8971,MERCHANT
CLU00446,MCH3972,MERCHANT
CLU00447,USR48749,USER
CLU00447,USR90666,USER
CLU00447,MCH8051,MERCHANT
CLU00448,USR48797,USER
CLU00448,USR57474,USER
CLU00448,MCH2347,MERCHANT
CLU00449,USR55217,USER
CLU00449,USR49590,USER
CLU00449,MCH8758,MERCHANT
CLU00450,USR59941,USER
CLU00450,USR49592,USER
CLU00450,MCH6560,MERCHANT
CLU00451,USR49647,USER
CLU00451,USR75679,USER
CLU00451,MCH9076,MERCHANT
CLU00452,USR55116,USER
CLU00452,USR49774,USER
CLU00452,MCH6552,MERCHANT
CLU00453,USR50278,USER
CLU00453,USR63974,USER
CLU00453,MCH1845,MERCHANT
CLU00454,USR50315,USER
CLU00454,USR88737,USER
CLU00454,MCH2759,MERCHANT
CLU00455,USR58816,USER
CLU00455,USR50619,USER
CLU00455,MCH1045,MERCHANT
CLU00456,USR68775,USER
CLU00456,USR50635,USER
CLU00456,MCH6611,MERCHANT
CLU00457,USR82737,USER
CLU00457,USR51228,USER
CLU00457,MCH5946,MERCHANT
CLU00458,USR51679,USER
CLU00458,MCH6445,MERCHANT
CLU00458,MCH8572,MERCHANT
CLU00459,USR52079,USER
CLU00459,USR57626,USER
CLU00459,MCH4844,MERCHANT
CLU00460,USR52194,USER
CLU00460,USR89905,USER
CLU00460,MCH1012,MERCHANT
CLU00461,USR52730,USER
CLU00461,USR86802,USER
CLU00461,MCH2204,MERCHANT
CLU00462,USR53915,USER
CLU00462,USR72624,USER
CLU00462,MCH5933,MERCHANT
CLU00463,USR53922,USER
CLU00463,USR56437,USER
CLU00463,MCH8786,MERCHANT
CLU00464,USR54191,USER
CLU00464,USR80571,USER
CLU00464,MCH4227,MERCHANT
CLU00465,USR82813,USER
CLU00465,USR54364,USER
CLU00465,MCH3067,MERCHANT
CLU00466,USR63626,USER
CLU00466,USR54428,USER
CLU00466,MCH8980,MERCHANT
CLU00467,USR54444,USER
CLU00467,USR77199,USER
CLU00467,MCH2921,MERCHANT
CLU00468,USR54496,USER
CLU00468,USR61062,USER
CLU00468,MCH3766,MERCHANT
CLU00469,USR55640,USER
CLU00469,USR88343,USER
CLU00469,MCH7433,MERCHANT
CLU00470,USR94602,USER
CLU00470,USR55838,USER
CLU00470,MCH9752,MERCHANT
CLU00471,USR55947,USER
CLU00471,USR94874,USER
CLU00471,MCH5417,MERCHANT
CLU00472,USR55953,USER
CLU00472,USR96090,USER
CLU00472,MCH1973,MERCHANT
CLU00473,USR67676,USER
CLU00473,USR56056,USER
CLU00473,MCH6774,MERCHANT
CLU00474,USR56284,USER
CLU00474,USR69998,USER
CLU00474,MCH2952,MERCHANT
CLU00475,USR56539,USER
CLU00475,USR89555,USER
CLU00475,MCH2620,MERCHANT
CLU00476,USR56974,USER
CLU00476,USR82036,USER
CLU00476,MCH5985,MERCHANT
CLU00477,USR57279,USER
CLU00477,USR77263,USER
CLU00477,MCH9114,MERCHANT
CLU00478,USR75398,USER
CLU00478,USR57433,USER
CLU00478,MCH7363,MERCHANT
CLU00479,USR96758,USER
CLU00479,USR57775,USER
CLU00479,MCH8610,MERCHANT
CLU00480,USR89918,USER
CLU00480,USR57777,USER
CLU00480,MCH8760,MERCHANT
CLU00481,USR57830,USER
CLU00481,USR80995,USER
CLU00481,MCH6920,MERCHANT
CLU00482,USR58169,USER
CLU00482,USR60361,USER
CLU00482,MCH6655,MERCHANT
CLU00483,USR64044,USER
CLU00483,USR58415,USER
CLU00483,MCH3082,MERCHANT
CLU00484,USR58488,USER
CLU00484,USR66998,USER
CLU00484,MCH4333,MERCHANT
CLU00485,USR58740,USER
CLU00485,USR94688,USER
CLU00485,MCH7663,MERCHANT
CLU00486,USR58872,USER
CLU00486,USR89557,USER
CLU00486,MCH1606,MERCHANT
CLU00487,USR59682,USER
CLU00487,USR65087,USER
CLU00487,MCH8746,MERCHANT
CLU00488,USR94219,USER
CLU00488,USR60494,USER
CLU00488,MCH1912,MERCHANT
CLU00489,USR60585,USER
CLU00489,MCH7695,MERCHANT
CLU00489,MCH8229,MERCHANT
CLU00490,USR60864,USER
CLU00490,USR66335,USER
CLU00490,MCH6193,MERCHANT
CLU00491,USR88128,USER
CLU00491,USR61102,USER
CLU00491,MCH5285,MERCHANT
CLU00492,USR75929,USER
CLU00492,USR61224,USER
CLU00492,MCH5076,MERCHANT
CLU00493,USR61487,USER
CLU00493,USR61561,USER
CLU00493,MCH4619,MERCHANT
CLU00494,USR66419,USER
CLU00494,USR61697,USER
CLU00494,MCH3025,MERCHANT
CLU00495,USR61949,USER
CLU00495,USR71198,USER
CLU00495,MCH9548,MERCHANT
CLU00496,USR62445,USER
CLU00496,USR99558,USER
CLU00496,MCH1882,MERCHANT
CLU00497,USR62645,USER
CLU00497,USR80247,USER
CLU00497,MCH6738,MERCHANT
CLU00498,USR78889,USER
CLU00498,USR62782,USER
CLU00498,MCH2008,MERCHANT
CLU00499,USR82146,USER
CLU00499,USR62863,USER
CLU00499,MCH1700,MERCHANT
CLU00500,USR93967,USER
CLU00500,USR62956,USER
CLU00500,MCH4085,MERCHANT
CLU00501,USR96328,USER
CLU00501,USR63057,USER
CLU00501,MCH9048,MERCHANT
CLU00502,USR63429,USER
CLU00502,USR96354,USER
CLU00502,MCH8300,MERCHANT
CLU00503,USR86210,USER
CLU00503,USR63589,USER
CLU00503,MCH7273,MERCHANT
CLU00504,USR63630,USER
CLU00504,USR65878,USER
CLU00504,MCH2784,MERCHANT
CLU00505,USR63643,USER
CLU00505,USR72086,USER
CLU00505,MCH5818,MERCHANT
CLU00506,USR74088,USER
CLU00506,USR63728,USER
CLU00506,MCH9174,MERCHANT
CLU00507,USR63888,USER
CLU00507,USR97987,USER
CLU00507,MCH8138,MERCHANT
CLU00508,USR94683,USER
CLU00508,USR64955,USER
CLU00508,MCH9276,MERCHANT
CLU00509,USR72287,USER
CLU00509,USR65712,USER
CLU00509,MCH2278,MERCHANT
CLU00510,USR66173,USER
CLU00510,USR68559,USER
CLU00510,MCH1289,MERCHANT
CLU00511,USR95219,USER
CLU00511,USR66229,USER
CLU00511,MCH4897,MERCHANT
CLU00512,USR69970,USER
CLU00512,USR66260,USER
CLU00512,MCH4340,MERCHANT
CLU00513,USR66525,USER
CLU00513,USR96510,USER
CLU00513,MCH8227,MERCHANT
CLU00514,USR66799,USER
CLU00514,USR89526,USER
CLU00514,MCH6690,MERCHANT
CLU00515,USR84511,USER
CLU00515,USR67034,USER
CLU00515,MCH1434,MERCHANT
CLU00516,USR67172,USER
CLU00516,USR76366,USER
CLU00516,MCH9100,MERCHANT
CLU00517,USR67361,USER
CLU00517,USR80004,USER
CLU00517,MCH7054,MERCHANT
CLU00518,USR67675,USER
CLU00518,USR96335,USER
CLU00518,MCH2045,MERCHANT
CLU00519,USR67690,USER
CLU00519,USR87526,USER
CLU00519,MCH8652,MERCHANT
CLU00520,USR91688,USER
CLU00520,USR67703,USER
CLU00520,MCH1530,MERCHANT
CLU00521,USR68058,USER
CLU00521,USR77709,USER
CLU00521,MCH5422,MERCHANT
CLU00522,USR68554,USER
CLU00522,USR98963,USER
CLU00522,MCH8511,MERCHANT
CLU00523,USR73048,USER
CLU00523,USR68593,USER
CLU00523,MCH6584,MERCHANT
CLU00524,USR68626,USER
CLU00524,USR78100,USER
CLU00524,MCH3537,MERCHANT
CLU00525,USR74879,USER
CLU00525,USR68849,USER
CLU00525,MCH7879,MERCHANT
CLU00526,USR68884,USER
CLU00526,USR73584,USER
CLU00526,MCH2351,MERCHANT
CLU00527,USR81235,USER
CLU00527,USR68887,USER
CLU00527,MCH5694,MERCHANT
CLU00528,USR88419,USER
CLU00528,USR69038,USER
CLU00528,MCH3455,MERCHANT
CLU00529,USR98681,USER
CLU00529,USR69161,USER
CLU00529,MCH2352,MERCHANT
CLU00530,USR96599,USER
CLU00530,USR69311,USER
CLU00530,MCH9522,MERCHANT
CLU00531,USR89681,USER
CLU00531,USR69772,USER
CLU00531,MCH4722,MERCHANT
CLU00532,USR70000,USER
CLU00532,USR75064,USER
CLU00532,MCH8135,MERCHANT
CLU00533,USR95279,USER
CLU00533,USR70057,USER
CLU00533,MCH5302,MERCHANT
CLU00534,USR72149,USER
CLU00534,USR70093,USER
CLU00534,MCH4078,MERCHANT
CLU00535,USR70557,USER
CLU00535,USR92384,USER
CLU00535,MCH8751,MERCHANT
CLU00536,USR71890,USER
CLU00536,USR83988,USER
CLU00536,MCH9851,MERCHANT
CLU00537,USR97257,USER
CLU00537,USR72447,USER
CLU00537,MCH3733,MERCHANT
CLU00538,USR72972,USER
CLU00538,USR95308,USER
CLU00538,MCH6486,MERCHANT
CLU00539,USR73095,USER
CLU00539,USR95257,USER
CLU00539,MCH6483,MERCHANT
CLU00540,USR74566,USER
CLU00540,USR73213,USER
CLU00540,MCH1186,MERCHANT
CLU00541,USR73347,USER
CLU00541,USR81089,USER
CLU00541,MCH7853,MERCHANT
CLU00542,USR99946,USER
CLU00542,USR74351,USER
CLU00542,MCH8579,MERCHANT
CLU00543,USR74877,USER
CLU00543,MCH5848,MERCHANT
CLU00543,MCH5263,MERCHANT
CLU00544,USR75016,USER
CLU00544,USR79001,USER
CLU00544,MCH1441,MERCHANT
CLU00545,USR77000,USER
CLU00545,USR75374,USER
CLU00545,MCH2834,MERCHANT
CLU00546,USR91231,USER
CLU00546,USR75621,USER
CLU00546,MCH5704,MERCHANT
CLU00547,USR78417,USER
CLU00547,USR76188,USER
CLU00547,MCH9070,MERCHANT
CLU00548,USR76295,USER
CLU00548,USR84133,USER
CLU00548,MCH2409,MERCHANT
CLU00549,USR76988,USER
CLU00549,USR79576,USER
CLU00549,MCH4583,MERCHANT
CLU00550,USR77576,USER
CLU00550,USR82175,USER
CLU00550,MCH9832,MERCHANT
CLU00551,USR94274,USER
CLU00551,USR78383,USER
CLU00551,MCH8520,MERCHANT
CLU00552,USR79606,USER
CLU00552,USR85356,USER
CLU00552,MCH8194,MERCHANT
CLU00553,USR84746,USER
CLU00553,USR80116,USER
CLU00553,MCH3901,MERCHANT
CLU00554,USR80178,USER
CLU00554,USR84276,USER
CLU00554,MCH3140,MERCHANT
CLU00555,USR81049,USER
CLU00555,USR96516,USER
CLU00555,MCH8266,MERCHANT
CLU00556,USR81761,USER
CLU00556,USR82580,USER
CLU00556,MCH6022,MERCHANT
CLU00557,USR81994,USER
CLU00557,USR82632,USER
CLU00557,MCH4100,MERCHANT
CLU00558,USR82947,USER
CLU00558,USR97981,USER
CLU00558,MCH9742,MERCHANT
CLU00559,USR88820,USER
CLU00559,USR83580,USER
CLU00559,MCH6715,MERCHANT
CLU00560,USR83927,USER
CLU00560,MCH2459,MERCHANT
CLU00560,MCH7101,MERCHANT
CLU00561,USR95831,USER
CLU00561,USR84747,USER
CLU00561,MCH1796,MERCHANT
CLU00562,USR86226,USER
CLU00562,USR91830,USER
CLU00562,MCH7368,MERCHANT
CLU00563,USR97108,USER
CLU00563,USR87610,USER
CLU00563,MCH3668,MERCHANT
CLU00564,USR88578,USER
CLU00564,USR96454,USER
CLU00564,MCH5308,MERCHANT
CLU00565,USR89520,USER
CLU00565,USR98075,USER
CLU00565,MCH9946,MERCHANT
CLU00566,USR90258,USER
CLU00566,USR94048,USER
CLU00566,MCH9925,MERCHANT
CLU00567,USR92163,USER
CLU00567,USR98566,USER
CLU00567,MCH6199,MERCHANT
CLU00568,USR98823,USER
CLU00568,USR92621,USER
CLU00568,MCH5875,MERCHANT
CLU00569,USR92756,USER
CLU00569,MCH7006,MERCHANT
CLU00569,MCH1180,MERCHANT
CLU00570,USR98841,USER
CLU00570,USR93932,USER
CLU00570,MCH4476,MERCHANT
CLU00571,USR95486,USER
CLU00571,USR93996,USER
CLU00571,MCH2235,MERCHANT
CLU00572,USR10071,USER
CLU00572,MCH1139,MERCHANT
CLU00573,USR10088,USER
CLU00573,MCH6132,MERCHANT
CLU00574,USR10529,USER
CLU00574,MCH3199,MERCHANT
CLU00575,USR10569,USER
CLU00575,MCH4362,MERCHANT
CLU00576,USR11620,USER
CLU00576,MCH2941,MERCHANT
CLU00577,USR12146,USER
CLU00577,MCH2121,MERCHANT
CLU00578,USR12542,USER
CLU00578,MCH7416,MERCHANT
CLU00579,USR13008,USER
CLU00579,MCH7662,MERCHANT
CLU00580,USR13544,USER
CLU00580,MCH1518,MERCHANT
CLU00581,USR15586,USER
CLU00581,MCH8287,MERCHANT
CLU00582,USR16442,USER
CLU00582,MCH2223,MERCHANT
CLU00583,USR18378,USER
CLU00583,MCH9696,MERCHANT
CLU00584,USR22265,USER
CLU00584,MCH1559,MERCHANT
CLU00585,USR23051,USER
CLU00585,MCH9898,MERCHANT
CLU00586,USR23156,USER
CLU00586,MCH5106,MERCHANT
CLU00587,USR26183,USER
CLU00587,MCH8955,MERCHANT
CLU00588,USR26624,USER
CLU00588,MCH1942,MERCHANT
CLU00589,USR27873,USER
CLU00589,MCH5528,MERCHANT
CLU00590,USR27965,USER
CLU00590,MCH9315,MERCHANT
CLU00591,USR27980,USER
CLU00591,MCH9691,MERCHANT
CLU00592,USR29699,USER
CLU00592,MCH8815,MERCHANT
CLU00593,USR30319,USER
CLU00593,MCH6903,MERCHANT
CLU00594,USR33669,USER
CLU00594,MCH6106,MERCHANT
CLU00595,USR35237,USER
CLU00595,MCH7537,MERCHANT
CLU00596,USR35339,USER
CLU00596,MCH9649,MERCHANT
CLU00597,USR35774,USER
CLU00597,MCH8102,MERCHANT
CLU00598,USR36557,USER
CLU00598,MCH3038,MERCHANT
CLU00599,USR36909,USER
CLU00599,MCH6447,MERCHANT
CLU00600,USR37017,USER
CLU00600,MCH4560,MERCHANT
CLU00601,USR38016,USER
CLU00601,MCH1122,MERCHANT
CLU00602,USR38441,USER
CLU00602,MCH2180,MERCHANT
CLU00603,USR39613,USER
CLU00603,MCH5339,MERCHANT
CLU00604,USR40970,USER
CLU00604,MCH6502,MERCHANT
CLU00605,USR41615,USER
CLU00605,MCH5712,MERCHANT
CLU00606,USR42503,USER
CLU00606,MCH7530,MERCHANT
CLU00607,USR43962,USER
CLU00607,MCH2872,MERCHANT
CLU00608,USR46059,USER
CLU00608,MCH1858,MERCHANT
CLU00609,USR46811,USER
CLU00609,MCH2888,MERCHANT
CLU00610,USR46965,USER
CLU00610,MCH8288,MERCHANT
CLU00611,USR47596,USER
CLU00611,MCH8565,MERCHANT
CLU00612,USR49986,USER
CLU00612,MCH1783,MERCHANT
CLU00613,USR50055,USER
CLU00613,MCH1522,MERCHANT
CLU00614,USR50629,USER
CLU00614,MCH5863,MERCHANT
CLU00615,USR51195,USER
CLU00615,MCH2334,MERCHANT
CLU00616,USR52000,USER
CLU00616,MCH5007,MERCHANT
CLU00617,USR54076,USER
CLU00617,MCH8842,MERCHANT
CLU00618,USR54378,USER
CLU00618,MCH7432,MERCHANT
CLU00619,USR55208,USER
CLU00619,MCH1967,MERCHANT
CLU00620,USR56890,USER
CLU00620,MCH2429,MERCHANT
CLU00621,USR57173,USER
CLU00621,MCH7097,MERCHANT
CLU00622,USR57502,USER
CLU00622,MCH3171,MERCHANT
CLU00623,USR57638,USER
CLU00623,MCH4188,MERCHANT
CLU00624,USR58382,USER
CLU00624,MCH8304,MERCHANT
CLU00625,USR59412,USER
CLU00625,MCH3265,MERCHANT
CLU00626,USR60548,USER
CLU00626,MCH2871,MERCHANT
CLU00627,USR61183,USER
CLU00627,MCH2441,MERCHANT
CLU00628,USR62543,USER
CLU00628,MCH9789,MERCHANT
CLU00629,USR64471,USER
CLU00629,MCH8747,MERCHANT
CLU00630,USR65869,USER
CLU00630,MCH3249,MERCHANT
CLU00631,USR66351,USER
CLU00631,MCH6306,MERCHANT
CLU00632,USR66919,USER
CLU00632,MCH4788,MERCHANT
CLU00633,USR67168,USER
CLU00633,MCH7083,MERCHANT
CLU00634,USR71010,USER
CLU00634,MCH6947,MERCHANT
CLU00635,USR71905,USER
CLU00635,MCH3632,MERCHANT
CLU00636,USR72363,USER
CLU00636,MCH8567,MERCHANT
CLU00637,USR72422,USER
CLU00637,MCH4322,MERCHANT
CLU00638,USR72482,USER
CLU00638,MCH6268,MERCHANT
CLU00639,USR74619,USER
CLU00639,MCH7994,MERCHANT
CLU00640,USR76476,USER
CLU00640,MCH5215,MERCHANT
CLU00641,USR79341,USER
CLU00641,MCH7233,MERCHANT
CLU00642,USR80080,USER
CLU00642,MCH5705,MERCHANT
CLU00643,USR80121,USER
CLU00643,MCH2926,MERCHANT
CLU00644,USR81061,USER
CLU00644,MCH9604,MERCHANT
CLU00645,USR82790,USER
CLU00645,MCH2031,MERCHANT
CLU00646,USR83473,USER
CLU00646,MCH6040,MERCHANT
CLU00647,USR84328,USER
CLU00647,MCH4331,MERCHANT
CLU00648,USR87929,USER
CLU00648,MCH8044,MERCHANT
CLU00649,USR88225,USER
CLU00649,MCH4066,MERCHANT
CLU00650,USR89307,USER
CLU00650,MCH9203,MERCHANT
CLU00651,USR91870,USER
CLU00651,MCH7917,MERCHANT
CLU00652,USR91958,USER
CLU00652,MCH2151,MERCHANT
CLU00653,USR93068,USER
CLU00653,MCH6079,MERCHANT
CLU00654,USR95032,USER
CLU00654,MCH7014,MERCHANT
CLU00655,USR97459,USER
CLU00655,MCH5965,MERCHANT
